{"cameraMode":{"drawMode":0,"name":"Shaded","section":"Shading Mode"},"sceneLighting":false,"audioPlay":false,"sceneViewState":{"showFog":false,"showMaterialUpdate":false,"showSkybox":false,"showFlares":false,"showImageEffects":false,"showParticleSystems":false},"in2DMode":false,"pivot":{"x":0.0440061092376709,"y":3.971954822540283,"z":-0.10125589370727539},"rotation":{"x":-0.0037740350235253574,"y":0.9814892411231995,"z":-0.01944557949900627,"w":-0.19049015641212464},"size":10.602932929992676,"orthographic":false}